taxon_code,taxonomic_rank,scientific_name,description,marine_code,2023_code,2022_code,2021_code,2020_code,2019_code,2018_code,2017_code,2016_code,2015_code,2014_code,2013_code
SAND,,- Bare sand -,Bare sand,SAND,SAND,SAND,SAND,SAND,SAND,SAND,,,,,
ROCK,,- Rock -,Bare rock,ROCK,ROCK,ROCK,ROCK,ROCK,ROCK,ROCK,ROCK,rock,,,
UNCRU,,- Unknown Crust -,Unknown crust,NONCRU,UNCRU,UNCR,UNCR,UNCR,UNCR,UNCR,,,,,
WATER,,- Water -,Water,,WATER,WATER,WATER,WATER,WATER,WATER,,,,,
NCCR,SUPERDOMAIN,BIOTA,Non-coralline crust,NONCRU,NCCR,NCCR,NCCR,NCCR,NCCR,NCCR,NCC,,,,
NCC,SUPERDOMAIN,BIOTA,Non-coralline crust,NONCRU,NCC,,,,,,NCC,NCC,,,
UNWO,KINGDOM,Animalia,"Unknown ""worm""",,UNWO,UNWO,UNWO,UNWO,UNWO,UNWO,,,,,
CANA,INFRACLASS,Canalipalpata,Unknown tube worm,OTHINV,CANA,CANA,CANA,CANA,CANA,CANA,,,,,
POLY,CLASS,Polychaeta,Unknown polychaete worm,,POLY,POLY,POLY,POLY,POLY,POLY,,,,,
PHRC,SPECIES,Phragmatopoma californica,Honeycomb worm,,PHRC,PHRC,PHRC,PHRC,PHRC,PHRC,,,,,
NEREI,FAMILY,Nereididae,Unknown nereid polychaete,,NEREI,NEREI,,,,,,,,,
NEVE,SPECIES,Nereis vexillosa,Mussel worm,,NEVE,NEVE,NEVE,NEVE,NEVE,NEVE,,,,,
PLATY,GENUS,Platynereis,Unknown Platynereis polychaete,,PLATY,,,,,,,,,,
POLYN,FAMILY,Polynoidae,Unknown scaleworm,,POLYN,POLYN,,,,,,,,,
SERP,FAMILY,Serpulidae,Tube worms,,SERP,SERP,,,,,,,,,
SPIR,GENUS,Spirorbis,Spirorbid worm case,OTHINV,SPIR,SPIR,SPIR,SPIR,SPIR,SPIR,,,,,
DOCO,SPECIES,Dodecaceria concharum,Coralline-fringed tube worm,OTHINV,DOCO,DOCO,,,,,,,,,
THCR,SPECIES,Thelepus crispus,Spaghetti worm,,THCR,THCR,THCR,THCR,THCR,THCR,,,,,
NELI,SPECIES,Neomolgus littoralis,Red velvet mite,,NELI,NELI,NELI,NELI,NELI,NELI,,,,,
POPO,SPECIES,Pollicipes polymerus,Gooseneck barnacle,POLPOL,POPO,POPO,POPO,POPO,POPO,POPO,POPO,,,,
DPOPO,SPECIES,Pollicipes polymerus,DEAD gooseneck barnacle,POLPOL,DPOPO,DPOPO,DPOPO,DPOPO,DPOPO,DPOPO,DPOPO,,,,
SECA,SPECIES,Semibalanus cariosus,Thatched barnacle,SEMCAR,SECA,SECA,SECA,SECA,SECA,SECA,SEMI,s,,,
DSECA,SPECIES,Semibalanus cariosus,DEAD thatched barnacle,DEASEM,DSECA,DSECA,DSECA,DSECA,DSECA,DSECA,DSECA,dsb,,,
BAGL,SPECIES,Balanus glandula,Acorn barnacle,BALGLA,BAGL,BAGL,BAGL,BAGL,BAGL,BAGL,BAL,b,,,
DBAGL,SPECIES,Balanus glandula,DEAD acorn barnacle,DEABAL,DBAGL,DBAGL,DBAGL,DBAGL,DBAGL,DBAGL,DBAGL,db,,,
CHDA,SPECIES,Chthamalus dalli,Little brown barnacle,CHTDAL,CHDA,CHDA,CHDA,CHDA,CHDA,CHDA,CHT,C,,,
DCHDA,SPECIES,Chthamalus dalli,DEAD little brown barnacle,DEACHT,DCHDA,DCHDA,DCHDA,DCHDA,DCHDA,DCHDA,DCHDA,dc,,,
ROVE,FAMILY,Staphylinidae,Rove Beetle,,ROVE,ROVE,ROVE,ROVE,ROVE,ROVE,,,,,
AMPH,ORDER,Amphipoda,Unknown amphipod,,AMPH,AMPH,AMPH,AMPH,AMPH,AMPH,,,,,
GAMM,SUBORDER,Gammaridea,"Unidentified Gammarid amphipod
",,GAMM,GAMM,GAMM,GAMM,GAMM,,,,,,
CAPR,FAMILY,Caprellidae,Unknown skeleton shrimp,,CAPR,CAPR,CAPR,CAPR,CAPR,CAPR,,,,,
UNCR,INFRAORDER,Brachyura,Unknown crab,,UNCR,UNCR,,,,,,,,,
GLOR,SPECIES,Glebocarcinus oregonensis,Pygmy rock crab,,GLOR,GLOR,GLOR,GLOR,GLOR,,,,,,
PUGE,GENUS,Pugettia,Unknown kelp crab,,PUGE,PUGE,PUGE,PUGE,PUGE,PUGE,,,,,
PUGR,SPECIES,Pugettia gracilis,Graceful kelp crab,,PUGR,PUGR,PUGR,PUGR,PUGR,PUGR,,,,,
PUPR,SPECIES,Pugettia producta,Northern kelp crab,,PUPR,PUPR,PUPR,PUPR,PUPR,PUPR,,,,,
PURI,SPECIES,Pugettia richii,Cryptic kelp crab,,PURI,PURI,PURI,PURI,PURI,PURI,,,,,
PACR,SPECIES,Pachygrapsus crassipes,Striped Shore crab,,PACR,PACR,PACR,PACR,PACR,PACR,,,,,
OEIN,SPECIES,Oedignathus inermis,Granular-claw crab,,OEIN,OEIN,OEIN,OEIN,OEIN,OEIN,,,,,
CRTY,SPECIES,Cryptolithodes typicus,Butterfly crab,,CRTY,CRTY,,,,,,,,,
PAGU,GENUS,Pagurus,Unknown Pagurus hermit crab,,PAGU,PAGU,PAGU,PAGU,PAGU,PAGU,HERM,hermit,,,
PABE,SPECIES,Pagurus beringanus,Bering hermit crab,,PABE,PABE,PABE,PABE,PABE,PABE,,,,,
PACA,SPECIES,Pagurus caurinus,,,PACA,PACA,,,,,,,,,
PAGR,SPECIES,Pagurus granosimanus,Granular hermit crab,,PAGR,PAGR,PAGR,PAGR,PAGR,PAGR,,,,,
PAHE,SPECIES,Pagurus hemphilli,Maroon hermit crab,,PAHE,PAHE,PAHE,PAHE,PAHE,PAHE,,,,,
PAHI,SPECIES,Pagurus hirsutiusculus,Hairy hermit crab,,PAHI,PAHI,PAHI,PAHI,PAHI,PAHI,,,,,
PASAM,SPECIES,Pagurus samuelis,Blueband hermit crab,,PASAM,PASAM,PASAM,PASAM,PASAM,PASAM,,,,,
PAND,GENUS,Pandalus,Unknown Pandalus shrimp,,PAND,PAND,PAND,PAND,PAND,PAND,,,,,
LOBE,SPECIES,Lophopanopeus bellus,Blackclaw crab,,LOBE,LOBE,,,,,,,,,
FASU,SPECIES,Fabia subquadrata,Grooved mussel crab,,FASU,FASU,FASU,FASU,FASU,FASU,,,,,
PORC,FAMILY,Porcellanidae,Unknown porcelain crab,,PORC,PORC,PORC,PORC,PORC,PORC,,,,,
PARU,SPECIES,Pachycheles rudis,Thickclaw Porcelain crab,,PARU,PARU,PARU,PARU,PARU,PARU,,,,,
PEPO,GENUS,Petrolisthes,Unknown Petrolisthes porcelain crab,,PEPO,PETRO,PETRO,PETRO,PETRO,PETRO,,,,,
PECI,SPECIES,Petrolisthes cinctipes,Flat Porcelain crab,,PECI,PECI,PECI,PECI,PECI,PECI,,,,,
PEER,SPECIES,Petrolisthes eriomerus,Flattop crab,,PEER,PEER,PEER,PEER,PEER,PEER,,,,,
HENU,SPECIES,Hemigrapsus nudus,Purple Shore Crab,,HENU,HENU,HENU,HENU,HENU,HENU,,,,,
PENT,GENUS,Pentidotea,Unknown Idotea isopod,,PENT,IDOT,IDOT,IDOT,IDOT,IDOT,ISOP,,,,
IDOT,GENUS,Pentidotea,Unknown Idotea isopod,,IDOT,IDOT,IDOT,IDOT,IDOT,IDOT,ISOP,,,,
PEKI,SPECIES,Pentidotea kirchanskii,Surfgrass isopod,,PEKI,IDKI,IDKI,IDKI,IDKI,IDKI,,,,,
IDKI,SPECIES,Pentidotea kirchanskii,Surfgrass isopod,,IDKI,IDKI,IDKI,IDKI,IDKI,IDKI,,,,,
PERE,SPECIES,Pentidotea resecata,Eelgrass isopod,,PERE,PERE,,,,,,,,,
IDRE,SPECIES,Pentidotea resecata,Eelgrass isopod,,IDRE,IDRE,IDRE,,,,,,,,
PEWO,SPECIES,Pentidotea wosnesenskii,Rockweed isopod,,PEWO,PEWO,,,,,,,,,
PYCN,CLASS,Pycnogonida,Sea spider,,PYCN,PYCN,PYCN,PYCN,PYCN,PYCN,,,,,
BRYO,PHYLUM,Bryozoa,Unknown bryozoan,OTHINV,BRYO,BRYO,BRYO,BRYO,BRYO,BRYO,,,,,
HIPI,SPECIES,Hippodiplosia insculpta,Fluted Bryozoan,OTHINV,HIPI,HIPI,HIPI,HIPI,HIPI,HIPI,,,,,
BUGU,GENUS,Bugula,,OTHINV,BUGU,BUGU,BUGU,BUGU,BUGU,BUGU,,,,,
EURB,SPECIES,Eurystomella bilabiata,Derby hat bryozoan,OTHINV,EURB,EURB,EURB,EURB,EURB,EURB,,,,,
FLUC,SPECIES,Flustrellidra corniculata,Spiny leather bryozoan,OTHINV,FLUC,FLUC,FLUC,FLUC,FLUC,FLUC,,,,,
TUNI,SUBPHYLUM,Tunicata,Unknown tunicate,OTHINV,TUNI,TUNI,TUNI,TUNI,TUNI,TUNI,,,,,
UNSC,FAMILY,Cottidae,Unknown Sculpin,,UNSC,UNSC,UNSC,UNSC,UNSC,UNSC,,,,,
TISC,SPECIES,Oligocottus maculosus,Tidepool sculpin,,TISC,TISC,TISC,TISC,TISC,TISC,,,,,
CLAH,SPECIES,Clavelina huntsmani,Light-Bulb Tunicate,OTHINV,CLAH,CLAH,CLAH,CLAH,CLAH,CLAH,,,,,
DIST,GENUS,Distaplia,,OTHINV,DIST,,,,,,,,,,
ARCP,SPECIES,Archidistoma psammion,,OTHINV,ARCP,ARCP,ARCP,ARCP,ARCP,ARCP,,,,,
APSO,SPECIES,Aplidium solidum,Sea Pork,OTHINV,APSO,APSO,APSO,APSO,APSO,APSO,,,,,
RITT,GENUS,Ritterella,Tunicate,OTHINV,RITT,RITT,RITT,RITT,RITT,RITT,,,,,
RITR,SPECIES,Ritterella rubra,Red mushroom compound tunicate,OTHINV,RITR,RITR,RITR,RITR,RITR,RITR,,,,,
PERA,SPECIES,Perophora annectens,Yellow social tunicate,OTHINV,PERA,PERA,PERA,PERA,PERA,PERA,,,,,
STYE,GENUS,Styela,Unknown Styela tunicate,OTHINV,STYE,STYE,STYE,STYE,STYE,STYE,,,,,
STMO,SPECIES,Styela montereyensis,,OTHINV,STMO,STMO,,,,,,,,,
STYY,SPECIES,Styela yakutatensis,Club Tunicate,OTHINV,STYY,STYY,STYY,STYY,STYY,STYY,,,,,
ANEM,ORDER,Actiniaria,Unknown sea anemone,OTHINV,ANEM,ANEM,ANEM,ANEM,ANEM,ANEM,ANEM,a,,,
ANAR,SPECIES,Anthopleura artemisia,Burrowing anemone,,ANAR,,,,,,,,,,
ANEL,SPECIES,Anthopleura elegantissima,Aggregating anenome,ANTELE,ANEL,ANEL,ANEL,ANEL,ANEL,ANEL,ANEL,,,,
ANTS,SPECIES,Anthopleura sola,Sunburst anemone,ANTELE,ANTS,ANTS,ANTS,ANTS,ANTS,ANTS,,,,,
ANXA,SPECIES,Anthopleura xanthogrammica,Giant green anemone,ANTXAN,ANXA,ANXA,ANXA,ANXA,ANXA,ANXA,,,,,
EPLI,SPECIES,Epiactis lisbethae,Giant brooding anemone,OTHINV,EPLI,EPLI,,,,,,,,,
EPIR,SPECIES,Epiactis ritteri,Brooding anemone,OTHINV,EPIR,EPIR,EPIR,EPIR,EPIR,EPIR,,,,,
URCR,SPECIES,Urticina crassicornis,Painted anemone,OTHINV,URCR,URCR,,,,,,,,,
METR,GENUS,Metridium,Plumose anemone,OTHINV,METR,,,,,,,,,,
ALCY,ORDER,Alcyonacea,Unknown soft coral,OTHINV,ALCY,ALCY,ALCY,ALCY,ALCY,ALCY,,,,,
HYDR,CLASS,Hydrozoa,Unknown hydrozoan,OTHINV,HYDR,HYDR,HYDR,HYDR,HYDR,HYDR,,,,,
CHYD,CLASS,Hydrozoa,Unknown colonial hydroid,OTHINV,CHYD,,,,,,,,,,
SHYD,CLASS,Hydrozoa,Unknown solitary hydroid,OTHINV,SHYD,SHYD,,,,,,,,,
EUDC,SPECIES,Eudendrium californicum,Brown bushy hydroid,OTHINV,EUDC,EUDC,EUDC,EUDC,EUDC,EUDC,,,,,
CLAV,GENUS,Clava,,OTHINV,CLAV,CLAV,,,,,,,,,
ECTOP,GENUS,Ectopleura,Stalked jelly,OTHINV,ECTOP,ECTOP,,,,,,,,,
AGLL,SPECIES,Aglaophenia latirostris,Ostrich plume hydroid,OTHINV,AGLL,AGLL,AGLL,AGLL,AGLL,AGLL,,,,,
SERT,SPECIES,Sertularella turgida,Surfgrass hydroid,OTHINV,SERT,SERT,SERT,SERT,SERT,SERT,,,,,
ABIE,GENUS,Abietinaria,Unknown Abietinaria hydroid,OTHINV,ABIE,,,,,,,,,,
ABGR,SPECIES,Abietinaria greenei,Fibre-optic hydroid,OTHINV,ABGR,ABGR,ABGR,ABGR,ABGR,ABGR,,,,,
AMFU,SPECIES,Amphisbetia furcata,,OTHINV,AMFU,AMFU,,,,,,,,,
UNJS,CLASS,Asteroidea,Sea star juvenile,OTHSEA,UNJS,UNJS,UNJS,UNJS,UNJS,UNJS,,,,,
EVTR,SPECIES,Evasterias troschelii,Mottled star,OTHSEA,EVTR,EVTR,EVTR,EVTR,EVTR,EVTR,,,,,
LEPT,GENUS,Leptasterias,Six-armed star,LEPTAS,LEPT,LEPT,LEPT,LEPT,LEPT,LEPT,,,,,
LEHE,SPECIES,Leptasterias hexactis,Drab Six-armed Star,LEPTAS,LEHE,LEHE,LEHE,LEHE,LEHE,LEHE,,,,,
PIGI,SPECIES,Pisaster giganteus,Giant sea star,OTHSEA,PIGI,PIGI,PIGI,PIGI,PIGI,PIGI,,,,,
PIOC,SPECIES,Pisaster ochraceus,Ochre star,PISOCH,PIOC,PIOC,PIOC,PIOC,PIOC,PIOC,PISA,,,,
PYHE,SPECIES,Pycnopodia helianthoides,Sunflower Star,OTHSEA,PYHE,PYHE,PYHE,PYHE,PYHE,PYHE,,,,,
HENR,GENUS,Henricia,Unknown blood star,,HENR,HENR,HENR,HENR,HENR,HENR,,,,,
HEPU,SPECIES,Henricia pumila,Mottled blood star,OTHSEA,HEPU,HEPU,HEPU,HEPU,HEPU,HEPU,,,,,
ASMI,SPECIES,Asterina miniata,Bat star,PATMIN,ASMI,,,,,,,,,,
DEIM,SPECIES,Dermasterias imbricata,Leather star,,DEIM,DEIM,DEIM,DEIM,DEIM,DEIM,,,,,
MEAE,SPECIES,Mediaster aequalis,Vermillion star,OTHSEA,MEAE,,,,,,,,,,
URCH,CLASS,Echinoidea,Unknown sea urchin,OTHINV,URCH,URCH,URCH,URCH,URCH,URCH,,,,,
MEFR,SPECIES,Mesocentrotus franciscanus,Red urchin,OTHINV,MEFR,MEFR,MEFR,MEFR,MEFR,MEFR,STFR,,,,
STRO,GENUS,Strongylocentrotus,Unknown Strongylocentrotus sea urchin,OTHINV,STRO,STRO,STRO,STRO,STRO,STRO,,,,,
STDR,SPECIES,Strongylocentrotus droebachiensis,Green urchin,OTHINV,STDR,STDR,STDR,STDR,STDR,STDR,,,,,
STPA,SPECIES,Strongylocentrotus pallidus,White Urchin,OTHINV,STPA,STPA,STPA,STPA,STPA,STPA,,,,,
STPU,SPECIES,Strongylocentrotus purpuratus,Purple urchin,STRPUR,STPU,STPU,STPU,STPU,STPU,STPU,,,,,
HOLO,CLASS,Holothuroidea,Unknown sea cucumber,,HOLO,HOLO,HOLO,HOLO,HOLO,HOLO,,,,,
CUCU,GENUS,Cucumaria,Cucumaria sea cucumber,,CUCU,CUCU,CUCU,CUCU,CUCU,CUCU,,,,,
CUMI,SPECIES,Cucumaria miniata,Orange sea cucumber,,CUMI,,,,,,,,,,
CUPS,SPECIES,Cucumaria pseudocurata,Tar spot sea cucumber,,CUPS,,,,,,,,,,
PSEU,GENUS,Pseudocnus,Pseudocnus sea cucumber,,PSEU,PSEU,PSEU,PSEU,PSEU,PSEU,,,,,
PSCU,SPECIES,Pseudocnus curatus,Little black cucumber,,PSCU,PSCU,,,,,,,,,
APCA,SPECIES,Parastichopus californicus,California sea cucumber,,APCA,,,,,,,,,,
OPHI,CLASS,Ophiuroidea,Brittle stars,,OPHI,OPHI,OPHI,OPHI,OPHI,OPHI,,,,,
ENNA,SPECIES,Entodesma navicula,Rock entodesma,OTHINV,ENNA,ENNA,ENNA,ENNA,ENNA,,,,,,
PLAC,SPECIES,Platyodon cancellatus,Boring Clam,OTHINV,PLAC,PLAC,PLAC,PLAC,PLAC,PLAC,,,,,
BRAC,FAMILY,Mytilidae,Brachidontes | Septifer spp. ,OTHINV,BRAC,BRAC,BRAC,BRAC,BRAC,BRAC,,,,,
MYTI,GENUS,Mytilus,Unknown mussel,,MYTI,MYTI,MYTI,MYTI,MYTI,MYTI,,,,,
MYCA,SPECIES,Mytilus californianus,California blue mussel,MYTCAL,MYCA,MYCA,MYCA,MYCA,MYCA,MYCA,MYTI,m,,,
DMYCA,SPECIES,Mytilus californianus,DEAD California blue mussel,DEAMCA,DMYCA,DMYCA,DMYCA,DMYCA,DMYCA,DMYCA,DMYCA,,,,
MYTR,SPECIES,Mytilus trossulus,Blue mussel,MYTTRO,MYTR,MYTR,MYTR,MYTR,MYTR,MYTR,,,,,
JING,FAMILY,Anomiidae,Unknown jingle shell,OTHINV,JING,JING,JING,JING,JING,JING,,,,,
POMA,SPECIES,Pododesmus macrochisma,Money Shell,OTHINV,POMA,POMA,POMA,POMA,POMA,,,,,,
PECT,FAMILY,Pectinidae,Unidentified scallop,,PECT,,,,,,,,,,
CHLA,GENUS,Chlamys,Unknown scallop,,CHLA,CHLA,,,,,,,,,
CRGI,SPECIES,Crassadoma gigantea,Rock Scallop,OTHINV,CRGI,CRGI,CRGI,CRGI,CRGI,CRGI,,,,,
LEST,SPECIES,Leukoma staminea,Pacific littleneck clam,,LEST,LEST,LEST,LEST,LEST,LEST,,,,,
UNSN,CLASS,Gastropoda,Unidentified snail,,UNSN,UNSN,UNSN,UNSN,UNSN,UNSN,,,,,
LIMP,CLASS,Gastropoda,Unknown limpet,,LIMP,LIMP,LIMP,LIMP,LIMP,LIMP,LIMP,li,,,
ACMI,SPECIES,Acmaea mitra,White-cap limpet,,ACMI,ACMI,ACMI,ACMI,ACMI,ACMI,,,,,
LOTT,GENUS,Lottia,"Unknown Lottia ""limpet""",,LOTT,LOTT,LOTT,LOTT,LOTT,LOTT,,,,,
LOAS,SPECIES,Lottia asmi,little black limpet,,LOAS,LOAS,,,,,,,,,
LODI,SPECIES,Lottia digitalis,Fingered limpet,,LODI,LODI,LODI,LODI,LODI,LODI,,,,,
LOPA,SPECIES,Lottia paradigitalis,Boreal limpet,,LOPA,LOPA,LOPA,LOPA,LOPA,LOPA,,,,,
LOPE,SPECIES,Lottia pelta,Shield limpet,,LOPE,LOPE,LOPE,LOPE,LOPE,LOPE,,,,,
LOSC,SPECIES,Lottia scutum,Plate limpet,,LOSC,LOSC,LOSC,LOSC,LOSC,LOSC,,,,,
BATI,GENUS,Batillaria,Horn snail,,BATI,BATI,BATI,BATI,BATI,,,,,,
NEES,SPECIES,Neostylidium eschrichtii,Slender bittium,,NEES,BIES,BIES,BIES,BIES,BIES,,,,,
BIES,SPECIES,Neostylidium eschrichtii,Slender bittium,,BIES,BIES,BIES,BIES,BIES,BIES,,,,,
DIAS,SPECIES,Diodora aspera,Keyhole limpet,,DIAS,DIAS,DIAS,DIAS,DIAS,DIAS,,,,,
FIBI,SPECIES,Fissurellidea bimaculata,,,FIBI,FIBI,,,,,,,,,
HAKA,SPECIES,Haliotis kamtschatkana,Northern abalone,,HAKA,HAKA,HAKA,HAKA,HAKA,HAKA,,,,,
CREP,GENUS,Crepidula,Unknown slipper snail,OTHINV,CREP,CREP,CREP,CREP,CREP,CREP,,,,,
MEMI,SPECIES,Melanella micans,Shining balcis,,MEMI,,,,,,,,,,
LACU,GENUS,Lacuna,Lacuna snail,,LACU,LACU,LACU,LACU,LACU,LACU,,,,,
LAEG,GENUS,Lacuna,Lacuna eggs,,LAEG,LAEG,LAEG,LAEG,LAEG,LAEG,,,,,
LITT,GENUS,Littorina,Unknown periwinkle,,LITT,LITT,LITT,LITT,LITT,LITT,LITT,lit,,,
LIPL,SPECIES,Littorina plena,Black periwinkle,,LIPL,LIPL,LIPL,LIPL,LIPL,LIPL,,,,,
LISC,SPECIES,Littorina scutulata,Checkered periwinkle,,LISC,LISC,LISC,LISC,LISC,LISC,,,,,
LISI,SPECIES,Littorina sitkana,Sitka periwinkle,,LISI,LISI,LISI,LISI,LISI,LISI,,,,,
SEDI,SPECIES,Searlesia dira,Dire whelk,,SEDI,SEDI,SEDI,SEDI,SEDI,SEDI,,,,,
BUCC,FAMILY,Buccinidae,Unknown Buccinidae snail,,BUCC,,,,,,,,,,
COLU,FAMILY,Columbellidae,Unknown Columbellid snail,,COLU,COLU,,,,,,,,,
ALDS,GENUS,Alia,Unknown Alia dove snail,OTHINV,ALDS,ALDS,ALDS,ALDS,ALDS,ALDS,,,,,
ALCA,SPECIES,Alia carinata,Carinate dovesnail,,ALCA,ALCA,ALCA,ALCA,ALCA,ALCA,,,,,
AMDS,GENUS,Amphissa,Unknown Amphissa dove snail,,AMDS,AMDS,AMDS,AMDS,AMDS,AMDS,,,,,
AMPC,SPECIES,Amphissa columbiana,Wrinkled amphissa,,AMPC,AMPC,AMPC,AMPC,AMPC,AMPC,,,,,
AMCO,SPECIES,Amphissa columbiana,Columbia amphissa,,AMCO,,,,,,,,,,
AMVE,SPECIES,Amphissa versicolor,Variegate amphissa,,AMVE,AMVE,AMVE,AMVE,AMVE,AMVE,,,,,
ASTY,GENUS,Astyris,Astyris snail,,ASTY,ASTY,,,,,,,,,
CEFO,SPECIES,Ceratostoma foliatum,Leafy hornmouth,,CEFO,CEFO,,,,,,,,,
CENU,SPECIES,Ceratostoma nuttalli,Nuttal's hornmouth,,CENU,CENU,CENU,CENU,CENU,CENU,,,,,
NUCE,GENUS,Nucella,Unknown dog whelk,,NUCE,NUCE,NUCE,NUCE,NUCE,NUCE,,,,,
NUEG,GENUS,Nucella,Unknown dog whelk eggs,,NUEG,NUEG,NUEG,NUEG,NUEG,NUEG,,,,,
NUCA,SPECIES,Nucella canaliculata,Channelled dog whelk,,NUCA,NUCA,NUCA,NUCA,NUCA,NUCA,,,,,
NUCO,SPECIES,Nucella emarginata,Northern striped dogwinkle,,NUCO,NUCO,NUCO,NUCO,NUCO,NUCO,,,,,
NULA,SPECIES,Nucella lamellosa,Frilled dog whelk,,NULA,NULA,NULA,NULA,NULA,NULA,,,,,
NUOS,SPECIES,Nucella ostrina,Northern striped dog whelk,,NUOS,NUOS,NUOS,NUOS,NUOS,NUOS,,,,,
PAIN,SPECIES,Paciocinebrina interfossa,Sculptured rocksnail,,,,,,,,,,,,
LIDI,SPECIES,Lirabuccinum dirum,dire whelk,,LIDI,,,,,,,,,,
UNNU,ORDER,Nudibranchia,Unknown nudibranch,,UNNU,UNNU,UNNU,UNNU,UNNU,UNNU,,,,,
CAMO,SPECIES,Cadlina modesta,Modest Cadlina nudibranch,,CAMO,,,,,,,,,,
COTR,SPECIES,Coryphella trilineata,Three-lined nudibranch,,COTR,,,,,,,,,,
DIRA,SPECIES,Dirona albolineata,Frosted nudibranch,,DIRA,DIRA,DIRA,DIRA,DIRA,DIRA,,,,,
PENO,SPECIES,Peltodoris nobilis,Noble sea lemon,,PENO,PENO,PENO,PENO,PENO,PENO,,,,,
DORY,FAMILY,Dorididae,Unknown yellow dorid,,DORY,DORY,DORY,DORY,DORY,DORY,,,,,
DORI,FAMILY,Dorididae,Unknown Dorid nudibranch,,DORI,DORI,DORI,DORI,DORI,DORI,,,,,
HECR,SPECIES,Hermissenda crassicornis,Opalescent nudibranch,,HECR,HECR,HECR,HECR,HECR,HECR,,,,,
TRIC,SPECIES,Triopha catalinae,Clown nudibrach,,TRIC,TRIC,TRIC,TRIC,TRIC,TRIC,,,,,
ONBO,SPECIES,Onchidella borealis,Leather limpet,,ONBO,ONBO,ONBO,ONBO,ONBO,ONBO,,,,,
CALL,GENUS,Calliostoma,Unknown Calliostoma topsnail,,CALL,CALL,CALL,CALL,CALL,CALL,,,,,
CALA,SPECIES,Calliostoma annulatum,Purple topsnail,,CALA,CALA,CALA,CALA,CALA,CALA,,,,,
CACA,SPECIES,Calliostoma canaliculatum,Channeled topsnail,,CACA,CACA,CACA,CACA,CACA,CACA,,,,,
CALI,SPECIES,Calliostoma ligatum,Black and white topsnail,,CALI,CALI,CALI,CALI,CALI,CALI,,,,,
HOMA,GENUS,Homalopoma,Dwarf turban snail,,HOMA,HOMA,HOMA,HOMA,HOMA,HOMA,,,,,
MARG,GENUS,Margarites,Pearly topsnails,,MARG,MARG,,,,,,,,,
TEFU,SPECIES,Tegula funebralis,Black turban snail,,TEFU,TEFU,TEFU,TEFU,TEFU,TEFU,TURB,,,,
TEPU,SPECIES,Tegula pulligo,Dusky turban snail,,TEPU,TEPU,TEPU,TEPU,TEPU,TEPU,,,,,
TROC,FAMILY,Trochidae,Topsnails,,TROC,TROC,,,,,,,,,
PPLAC,CLASS,Polyplacophora,Unknown chiton,CHITON,PPLAC,PPLAC,PPLAC,PPLAC,PPLAC,PPLAC,,,,,
CRST,SPECIES,Cryptochiton stelleri,Gumboot chiton,CHITON,CRST,CRST,CRST,CRST,CRST,CRST,,,,,
LEPIZ,GENUS,Lepidozona,Unknown Lepidozona chiton,CHITON,LEPIZ,LEPIZ,LEPIZ,LEPIZ,LEPIZ,LEPIZ,,,,,
LEME,SPECIES,Lepidozona mertensii,,CHITON,LEME,LEME,,,,,,,,,
KATU,SPECIES,Katharina tunicata,Leather chiton,KATTUN,KATU,KATU,KATU,KATU,KATU,KATU,,,,,
MOPA,GENUS,Mopalia,Unknown mossy chiton,,MOPA,MOPA,MOPA,MOPA,MOPA,MOPA,CHIT,chiton,,,
PLRU,SPECIES,Placiphorella rufa,Red veiled chiton,CHITON,PLRU,PLRU,,,,,,,,,
CYAN,GENUS,Cyanoplax,Unknown Cyanoplax chiton,CHITON,CYAN,LEPI,LEPI,LEPI,LEPI,LEPI,,,,,
LEPI,GENUS,Cyanoplax,Unknown Cyanoplax chiton,CHITON,LEPI,LEPI,LEPI,LEPI,LEPI,LEPI,,,,,
CYDE,SPECIES,Cyanoplax dentiens,Goulds Baby Chiton,CHITON,CYDE,LEDE,LEDE,LEDE,LEDE,LEDE,,,,,
LEDE,SPECIES,Cyanoplax dentiens,Goulds Baby Chiton,CHITON,LEDE,LEDE,LEDE,LEDE,LEDE,LEDE,,,,,
CYPR,SPECIES,Cyanoplax hartwegii,,CHITON,CYPR,LEPR,LEPR,LEPR,LEPR,LEPR,,,,,
TONI,GENUS,Tonicella,Tonicella chiton,CHITON,TONI,TONI,TONI,TONI,TONI,TONI,,,,,
TOIN,SPECIES,Tonicella insignis,,CHITON,TOIN,TOIN,,,,,,,,,
TONL,SPECIES,Tonicella lineata,Lined chiton,CHITON,TONL,TONL,TONL,TONL,TONL,TONL,,,,,
TOUN,SPECIES,Tonicella undocaerulea,,CHITON,TOUN,TOUN,,,,,,,,,
NEMA,PHYLUM,Nematoda,Unknown roundworm,,NEMA,NEMA,NEMA,NEMA,NEMA,NEMA,,,,,
NEME,PHYLUM,Nemertea,Ribbon worm,,NEME,NEME,NEME,NEME,NEME,NEME,,,,,
AMRW,GENUS,Amphiporus,Amphiporus ribbon worm,,AMRW,AMRW,AMRW,AMRW,AMRW,AMRW,,,,,
AMIM,SPECIES,Amphiporus imparispinosus,Pink-fronted ribbon worm,,AMIM,,,,,,,,,,
EMGR,SPECIES,Emplectonema gracile,Green ribbon worm,,EMGR,,,,,,,,,,
PAPE,SPECIES,Paranemertes peregrina,Wandering mussel worm,,PAPE,PAPE,,,,,,,,,
PLAT,PHYLUM,Platyhelminthes,Unknown flatworm,,PLAT,PLAT,PLAT,PLAT,PLAT,PLAT,FLAT,,,,
PORI,PHYLUM,Porifera,Unknown sponge,OTHSPO,PORI,PORI,PORI,PORI,PORI,,,,,,
HALC,GENUS,Haliclona,Purple Intertidal Sponge,HALICL,HALC,HALC,HALC,HALC,HALC,HALC,,,,,
HAPE,SPECIES,Haliclona permollis,Purple encrusting sponge,HALICL,HAPE,HAPE,HAPE,HAPE,HAPE,HAPE,,,,,
OPHP,SPECIES,Ophlitaspongia pennata,Velvety red sponge,OTHSPO,OPHP,OPHP,OPHP,OPHP,OPHP,OPHP,,,,,
HALI,GENUS,Halichondria,Crumb of Bread Sponge,OTHSPO,HALI,HALI,HALI,HALI,HALI,HALI,,,,,
SIPU,PHYLUM,Sipuncula,Unidentified peanut worm,,SIPU,SIPU,SIPU,SIPU,SIPU,SIPU,,,,,
DIAT,CLASS,Bacillariophyceae,Diatoms,OTHBRO,DIAT,DIAT,DIAT,DIAT,DIAT,DIAT,,,,,
BRO,CLASS,Phaeophyceae,Other brown algae,OTHBRO,BRO,,,,,,BRO,BRO,,,
DESM,GENUS,Desmarestia,Unknown acid weed,OTHBRO,DESM,DESM,DESM,DESM,DESM,DESM,DESM,,,,
LEAT,GENUS,Leathesia,Unknown Leathesia species,COLLEA,LEAT,LEAT,LEAT,LEAT,LEAT,LEAT,LEA,,,,
LEAD,SPECIES,Leathesia difformis,,COLLEA,LEAD,LEAD,LEAD,LEAD,LEAD,LEAD,,,,,
MEIN,SPECIES,Melanosiphon intestinalis,,SCYSPP,MEIN,MEIN,,,,,,,,,
ECTO,GENUS,Ectocarpus,Unknown Ectocarpus species,,ECTO,ECTO,ECTO,ECTO,ECTO,ECTO,,,,,
ANJA,SPECIES,Analipus japonicus,Sea fir,ANAJAP,ANJA,ANJA,ANJA,ANJA,ANJA,ANJA,ANJA,,,,
COLP,GENUS,Colpomenia,Unknown Colpomenia species,COLPER,COLP,COLP,COLP,COLP,COLP,COLP,COLP,,,,
COPE,SPECIES,Colpomenia peregrina,,COLPER,COPE,COPE,COPE,COPE,COPE,COPE,,,,,
SCLO,SPECIES,Scytosiphon lomentaria,Soda-straw alga,SCYSPP,SCLO,SCLO,SCLO,SCLO,SCLO,SCLO,,,,,
FUDI,SPECIES,Fucus distichus,Rockweed,FUCGAR,FUDI,FUDI,FUDI,FUDI,FUDI,FUDI,FUCU,f,,,
SICO,SPECIES,Silvetia compressa,Silvetia rockweed,SILCOM,SICO,SICO,SICO,SICO,SICO,SICO,SILV,s,,,
JUKE,ORDER,Laminariales,Unknown juvenile kelp,OTHBRO,JUKE,JUKE,JUKE,JUKE,JUKE,JUKE,,,,,
ALMA,SPECIES,Alaria marginata,Ribbon kelp,ALAMAR,ALMA,ALMA,ALMA,ALMA,ALMA,ALMA,,,,,
LAMI,GENUS,Laminaria,Laminaria,OTHBRO,LAMI,LAMI,LAMI,LAMI,LAMI,LAMI,,,,,
LASE,SPECIES,Laminaria setchellii,Split Kelp,OTHBRO,LASE,LASE,LASE,LASE,LASE,LASE,,,,,
SACC,GENUS,Saccharina,Unknown Saccharina species,OTHBRO,SACC,SACC,SACC,SACC,SACC,SACC,,,,,
SASE,SPECIES,Saccharina sessilis,Sugar kelp,HEDSES,SASE,SASE,SASE,SASE,SASE,SASE,,,,,
RALF,GENUS,Ralfsia,Unknown Ralfsia species,,RALF,RALF,RALF,RALF,RALF,RALF,RAL,,,,
GRAL,KINGDOM,Plantae,Unknown green algae,OTHGRE,GRAL,GRAL,GRAL,GRAL,GRAL,GRAL,,,,,
CLAC,CLASS,Ulvophyceae,Cladophora columbiana OR Acrosiphonia spp.,,CLAC,CLAC,CLAC,CLAC,CLAC,CLAC,CLAC,CLAD,,,
BRYP,GENUS,Bryopsis,Sea fern,OTHINV,BRYP,BRYP,BRYP,BRYP,BRYP,BRYP,,,,,
COFR,SPECIES,Codium fragile,Green sea fingers,OTHGRE,COFR,COFR,COFR,COFR,COFR,COFR,,,,,
DEMA,SPECIES,Derbesia marina,Little green balls,OTHGRE,DEMA,DEMA,DEMA,DEMA,DEMA,DEMA,,,,,
CLAD,GENUS,Cladophora,,ACRSPP,CLAD,CLAD,CLAD,CLAD,CLAD,CLAD,,,,,
ULVA,GENUS,Ulva,Unknown Ulva species,,ULVA,ULVA,ULVA,ULVA,ULVA,ULVA,ULVA,ue,,,
BULV,GENUS,Ulva,Bladed Ulva spp.,ULVENT,BULV,,,,,,,,,,
TULV,GENUS,Ulva,Tubular Ulva spp.,ULVENT,TULV,TULV,,,,,,,,,
ULLA,SPECIES,Ulva lactuca,Sea lettuce,ULVENT,ULLA,ULLA,ULLA,ULLA,ULLA,ULLA,,,,,
POLS,PHYLUM,Rhodophyta,Polysiphonious cell complex,FILRED,POLS,POLS,POLS,POLS,POLS,POLS,,,,,
RED,PHYLUM,Rhodophyta,Other red algae,OTHRED,RED,RED,RED,RED,RED,RED,RED,or,,,
FRED,PHYLUM,Rhodophyta,Filamentous red algae,FILRED,FRED,FRED,FRED,FRED,FRED,FRED,FRED,fr,,,
UNKR,PHYLUM,Rhodophyta,Other red algae,OTHRED,UNKR,UNKR,UNKR,UNKR,UNKR,UNKR,,,,,
PYWI,FAMILY,Bangiaceae,Pyropia | Wildemania spp.,PORSPP,PYWI,PYWI,PYWI,PYWI,PYWI,PYWI,PYRO,,,,
PYRO,GENUS,Pyropia,,,PYRO,PYRO,PYRO,PYRO,PYRO,PYRO,,,,,
WINO,SPECIES,Wildemania norrisii,Wildemania norrisii,OTHRED,WINO,WINO,WINO,WINO,WINO,WINO,,,,,
SMIT,SPECIES,Smithora naiadum,Seagrass laver,OTHRED,SMIT,SMIT,SMIT,SMIT,SMIT,SMIT,,,,,
AHFA,SPECIES,Ahnfeltia fastigiata,Bushy Ahnfelt’s seaweed,FILRED,AHFA,AHFA,AHFA,AHFA,AHFA,AHFA,,,,,
CALT,GENUS,Callithamnion,,CALPIK,CALT,CALT,CALT,CALT,CALT,CALT,,,,,
CAPI,SPECIES,Callithamnion pikeanum,Beauty bush alga,CALPIK,CAPI,CAPI,CAPI,CAPI,CAPI,CAPI,,,,,
PTIL,GENUS,Ptilota,Unknown Ptilota species,,PTIL,PTIL,PTIL,PTIL,PTIL,PTIL,,,,,
CERA,GENUS,Ceramium,Ceramium,,CERA,CERA,,,,,,,,,
MIBO,SPECIES,Microcladia borealis,Coarse sea lace,MICBOR,MIBO,MIBO,MIBO,MIBO,MIBO,MIBO,,,,,
NELA,SPECIES,Neorhodomela larix,Black larch alga,NEOLAR,NELA,NELA,NELA,NELA,NELA,NELA,,,,,
ODON,GENUS,Odonthalia,Unknown Odonthallia species,ODOSPP,ODON,ODON,ODON,ODON,ODON,ODON,,,,,
ODFL,SPECIES,Odonthalia floccosa,Sea brush,NEOODO,ODFL,ODFL,ODFL,ODFL,ODFL,ODFL,,,,,
POLYS,GENUS,Polysiphonia,Unknown Polysiphonia species,FILRED,POLYS,POLYS,POLYS,POLYS,POLYS,POLYS,POLY,,,,
PTER,GENUS,Pterosiphonia,Unknown Pterosiphonia species,FILRED,PTER,PTER,PTER,PTER,PTER,PTER,,,,,
SARO,SPECIES,Savoiea robusta,Black tassel,FILRED,SARO,SARO,SARO,SARO,SARO,SARO,,,,,
CCOR,ORDER,Corallinales,Unknown crustose coralline,CRUCOR,CCOR,CCOR,CCOR,CCOR,CCOR,CCOR,COR,cc,,,
ACOR,ORDER,Corallinales,Unknown articulated coralline,ARTCOR,ACOR,ACOR,ACOR,ACOR,ACOR,ACOR,ACOR,ac,,,
BOMA,SPECIES,Bossiella mayae,,ARTCOR,BOMA,BOMA,,,,,,,,,
CHTU,SPECIES,Chamberlainium tumidum,Chamberlainium tumidum,CRUCOR,CHTU,CHTU,CHTU,CHTU,CHTU,,,,,,
COVA,SPECIES,Corallina vancouveriensis,Corallina vancouveriensis,ARTCOR,COVA,,,,,,,,,,
CRWO,SPECIES,Cryptosiphonia woodii,Bleached brunette,CRYWOO,CRWO,CRWO,CRWO,CRWO,CRWO,CRWO,CRWO,cw,,,
DILS,GENUS,Dilsea,Sea belt,OTHRED,DILS,DILS,DILS,DILS,DILS,DILS,,,,,
FAMO,SPECIES,Farlowia mollis,Farlow's seaweed,FARMOL,FAMO,FAMO,,,,,,,,,
ENMU,SPECIES,Endocladia muricata,Turfweed,ENDMUR,ENMU,ENMU,ENMU,ENMU,ENMU,ENMU,ENDO,e,,,
GLFU,SPECIES,Gloiopeltis furcata,Jelly moss,GLOFUR,GLFU,GLFU,GLFU,GLFU,GLFU,GLFU,GLOI,,,,
CHEX,SPECIES,Chondracanthus exasperatus,Turkish washcloth,OTHRED,CHEX,,,,,,,,,,
MAZZ,GENUS,Mazzaella,Unknown Mazzaella species,MAZSPP,MAZZ,MAZZ,MAZZ,MAZZ,MAZZ,MAZZ,MAZZ,ms,,,
MAST,GENUS,Mastocarpus,Unknown Mastocarpus species,,MAST,MAST,MAST,MAST,MAST,MAST,MAST,ma,,,
PETR,GENUS,Mastocarpus,Unknown Mastocarpus – Petrocelis crust phase,PETROC,PETR,PETR,PETR,PETR,PETR,PETR,PET,NCC,,,
PRIO,GENUS,Prionitis,Unknown Prionitis species,PRISPP,PRIO,PRIO,PRIO,PRIO,PRIO,PRIO,,,,,
MEME,SPECIES,Melobesia mediocris,Seagrass crust,CRUCOR,MEME,MEME,MEME,MEME,MEME,MEME,MELO,,,,
HILD,GENUS,Hildenbrandia,Unknown Hildenbrandia species,HILSPP,HILD,HILD,HILD,HILD,HILD,HILD,HIL,NCC,,,
NEHE,SPECIES,Nemalion elminthoides,,NEMHEL,NEHE,NEHE,,,,,,,,,
NEEL,SPECIES,Nemalion elminthoides,Nemalion elminthoides,,,,,,,,,,,,
HAGL,SPECIES,Halosaccion glandiforme,Dead man’s fingers,HALGLA,HAGL,HAGL,HAGL,HAGL,HAGL,HAGL,HALO,ha,,,
PLOC,GENUS,Plocamium,Unknown Plocamium species,OTHRED,PLOC,PLOC,PLOC,PLOC,PLOC,PLOC,,,,,
PLVI,SPECIES,Plocamium violaceum,,FILRED,PLVI,,,,,,,,,,
PHYL,GENUS,Phyllospadix,Unknown surfgrass,PHYSPP,PHYL,PHYL,PHYL,PHYL,PHYL,PHYL,NCC,n,,,
PHSC,SPECIES,Phyllospadix scouleri,Scouler’s surfgrass,PHYSPP,PHSC,PHSC,PHSC,PHSC,PHSC,PHSC,,,,,
PHTO,SPECIES,Phyllospadix torreyi,Torrey’s surfgrass,PHYSPP,PHTO,PHTO,PHTO,PHTO,PHTO,PHTO,PHYL,,,,